Distrito,Concelho,Freguesia,Where the pricing comes?,Preco_m2
Braga,(Média do Distrito),,own data,1872
Braga,Amares,(Média do Concelho),own data,1630
Braga,Amares,Amares e Figueiredo,own data,1940
Braga,Amares,Barreiros,Média do Concelho,1630
Braga,Amares,Bico,Média do Concelho,1630
Braga,Amares,Bouro (Santa Maria),Média do Concelho,1630
Braga,Amares,Bouro (Santa Marta),Média do Concelho,1630
Braga,Amares,Caires,Média do Concelho,1630
Braga,Amares,Caldelas - Sequeiros - Paranhos,Média do Concelho,1630
Braga,Amares,Carrazedo,Média do Concelho,1630
Braga,Amares,Dornelas,Média do Concelho,1630
Braga,Amares,Ferreiros - Prozelo - Besteiros,Média do Concelho,1630
Braga,Amares,Fiscal,Média do Concelho,1630
Braga,Amares,Goães,Média do Concelho,1630
Braga,Amares,Lago,Média do Concelho,1630
Braga,Amares,Rendufe,Média do Concelho,1630
Braga,Amares,Torre e Portela,Média do Concelho,1630
Braga,Amares,Vilela - Seramil - Paredes Secas,Média do Concelho,1630
Braga,Barcelos,(Média do Concelho),own data,1782
Braga,Barcelos,Airó,Média do Concelho,1782
Braga,Barcelos,Aldreu,Média do Concelho,1782
Braga,Barcelos,Alheira e Igreja Nova,Média do Concelho,1782
Braga,Barcelos,Alvelos,Média do Concelho,1782
Braga,Barcelos,Alvito e Couto,Média do Concelho,1782
Braga,Barcelos,Arcozelo,Média do Concelho,1782
Braga,Barcelos,Areias,Média do Concelho,1782
Braga,Barcelos,Areias de Vilar e Encourados,Média do Concelho,1782
Braga,Barcelos,Balugães,Média do Concelho,1782
Braga,Barcelos,Barcelinhos,Média do Concelho,1782
Braga,Barcelos,Barcelos - Vila Boa - Vila Frescainha,Média do Concelho,1782
Braga,Barcelos,Barqueiros,Média do Concelho,1782
Braga,Barcelos,Cambeses,Média do Concelho,1782
Braga,Barcelos,Campo e Tamel (São Pedro Fins),Média do Concelho,1782
Braga,Barcelos,Carapeços,Média do Concelho,1782
Braga,Barcelos,Carreira e Fonte Coberta,Média do Concelho,1782
Braga,Barcelos,Carvalhal,Média do Concelho,1782
Braga,Barcelos,Carvalhos,Média do Concelho,1782
Braga,Barcelos,Chorente - Góios - Courel - Pedra Furada - Gueral,Média do Concelho,1782
Braga,Barcelos,Cossourado,Média do Concelho,1782
Braga,Barcelos,Creixomil e Mariz,Média do Concelho,1782
Braga,Barcelos,Cristelo,Média do Concelho,1782
Braga,Barcelos,Durrães e Tregosa,Média do Concelho,1782
Braga,Barcelos,Fornelos,Média do Concelho,1782
Braga,Barcelos,Fragoso,Média do Concelho,1782
Braga,Barcelos,Galegos (Santa Maria),Média do Concelho,1782
Braga,Barcelos,Galegos (São Martinho),Média do Concelho,1782
Braga,Barcelos,Gamil e Midões,Média do Concelho,1782
Braga,Barcelos,Gilmonde,Média do Concelho,1782
Braga,Barcelos,Lama,Média do Concelho,1782
Braga,Barcelos,Lijó,Média do Concelho,1782
Braga,Barcelos,Macieira de Rates,Média do Concelho,1782
Braga,Barcelos,Manhente,Média do Concelho,1782
Braga,Barcelos,Martim,Média do Concelho,1782
Braga,Barcelos,Milhazes - Vilar de Figos - Faria,Média do Concelho,1782
Braga,Barcelos,Moure,Média do Concelho,1782
Braga,Barcelos,Negreiros e Chavão,Média do Concelho,1782
Braga,Barcelos,Oliveira,Média do Concelho,1782
Braga,Barcelos,Palme,Média do Concelho,1782
Braga,Barcelos,Panque,Média do Concelho,1782
Braga,Barcelos,Paradela,Média do Concelho,1782
Braga,Barcelos,Pereira,Média do Concelho,1782
Braga,Barcelos,Perelhal,Média do Concelho,1782
Braga,Barcelos,Pousa,Média do Concelho,1782
Braga,Barcelos,Quintiães e Aguiar,Média do Concelho,1782
Braga,Barcelos,Remelhe,Média do Concelho,1782
Braga,Barcelos,Rio Covo (Santa Eugénia),Média do Concelho,1782
Braga,Barcelos,Roriz,Média do Concelho,1782
Braga,Barcelos,Sequeade e Bastuço,Média do Concelho,1782
Braga,Barcelos,Silva,Média do Concelho,1782
Braga,Barcelos,Silveiros e Rio Covo (Santa Eulália),Média do Concelho,1782
Braga,Barcelos,Tamel (Santa Leocádia) e Vilar do Monte,Média do Concelho,1782
Braga,Barcelos,Tamel (São Veríssimo),Média do Concelho,1782
Braga,Barcelos,Ucha,Média do Concelho,1782
Braga,Barcelos,Várzea,Média do Concelho,1782
Braga,Barcelos,Viatodos - Grimancelos - Minhotães - Monte de Fralães,Média do Concelho,1782
Braga,Barcelos,Vila Cova e Feitos,Média do Concelho,1782
Braga,Barcelos,Vila Seca,Média do Concelho,1782
Braga,Braga,(Média do Concelho),own data,2149
Braga,Braga,Adaúfe,Real - Dume - Semelhe,2173
Braga,Braga,Arentim e Cunha,Média do Concelho,2149
Braga,Braga,Cabreiros e Passos (São Julião),Palmeira,1685
Braga,Braga,Celeirós - Aveleda - Vimieiro,Ferreiros e Gondizalves,2025
Braga,Braga,Crespos e Pousada,Média do Concelho,2149
Braga,Braga,Escudeiros e Penso (Santo Estêvão e São Vicente),Média do Concelho,2149
Braga,Braga,Espinho,Nogueiró e Tenões,2619
Braga,Braga,Esporões,Palmeira,1685
Braga,Braga,Este (São Pedro e São Mamede),Nogueira - Fraião - Lamaçães,2389
Braga,Braga,Ferreiros e Gondizalves,own data,2025
Braga,Braga,Figueiredo,Média do Concelho,2149
Braga,Braga,Gualtar,own data,2462
Braga,Braga,Guisande e Oliveira (São Pedro),Média do Concelho,2149
Braga,Braga,Lamas,São Victor,2407
Braga,Braga,Lomar e Arcos,Gualtar,2462
Braga,Braga,Maximinos - Sé - Cividade,own data,2358
Braga,Braga,Merelim (São Paio) - Panoias - Parada de Tibães,own data,2172
Braga,Braga,Merelim (São Pedro) e Frossos,Merelim (São Paio),2172
Braga,Braga,Mire de Tibães,Merelim (São Paio),2172
Braga,Braga,Morreira e Trandeiras,Ferreiros e Gondizalves,2025
Braga,Braga,Nogueira - Fraião - Lamaçães,own data,2389
Braga,Braga,Nogueiró e Tenões,own data,2619
Braga,Braga,Padim da Graça,Palmeira,1685
Braga,Braga,Palmeira,own data,1685
Braga,Braga,Pedralva,Média do Concelho,2149
Braga,Braga,Priscos,Média do Concelho,2149
Braga,Braga,Real - Dume - Semelhe,own data,2173
Braga,Braga,Ruílhe,Média do Concelho,2149
Braga,Braga,Santa Lucrécia de Algeriz e Navarra,Média do Concelho,2149
Braga,Braga,São José de São Lázaro e São João do Souto,own data,2419
Braga,Braga,São Vicente,own data,2378
Braga,Braga,São Victor,own data,2407
Braga,Braga,Sequeira,Nogueiró e Tenões,2619
Braga,Braga,Sobreposta,Média do Concelho,2149
Braga,Braga,Tadim,Média do Concelho,2149
Braga,Braga,Tebosa,Média do Concelho,2149
Braga,Braga,Vilaça e Fradelos,Média do Concelho,2149
Braga,Cabeceiras de Basto,(Média do Concelho),Média do Distrito,1872
Braga,Celorico de Basto,(Média do Concelho),own data,1080
Braga,Celorico de Basto,Agilde,Média do Concelho,1080
Braga,Celorico de Basto,Arnoia,Média do Concelho,1080
Braga,Celorico de Basto,Basto (São Clemente),Média do Concelho,1080
Braga,Celorico de Basto,Borba de Montanha,Média do Concelho,1080
Braga,Celorico de Basto,Britelo – Gémeos – Ourilhe,Média do Concelho,1080
Braga,Celorico de Basto,Caçarilhe e Infesta,Média do Concelho,1080
Braga,Celorico de Basto,Canedo de Basto e Corgo,Média do Concelho,1080
Braga,Celorico de Basto,Carvalho e Basto (Santa Tecla),Média do Concelho,1080
Braga,Celorico de Basto,Codeçoso,Média do Concelho,1080
Braga,Celorico de Basto,Fervença,Média do Concelho,1080
Braga,Celorico de Basto,Moreira do Castelo,Média do Concelho,1080
Braga,Celorico de Basto,Rego,Média do Concelho,1080
Braga,Celorico de Basto,Ribas,Média do Concelho,1080
Braga,Celorico de Basto,Vale de Bouro,Média do Concelho,1080
Braga,Celorico de Basto,Veade – Gagos – Molares,Média do Concelho,1080
Braga,Esposende,(Média do Concelho),own data,2267
Braga,Esposende,Antas,Esposende - Marinhas - Gandra,2361
Braga,Esposende,Apúlia e Fão,own data,2577
Braga,Esposende,Belinho e Mar,Apúlia e Fão,2577
Braga,Esposende,Esposende - Marinhas - Gandra,own data,2361
Braga,Esposende,Fonte Boa e Rio Tinto,Média do Concelho,2267
Braga,Esposende,Forjães,Esposende - Marinhas - Gandra,2361
Braga,Esposende,Gemeses,Média do Concelho,2267
Braga,Esposende,Palmeira de Faro e Curvos,Média do Concelho,2267
Braga,Esposende,Vila Chã,Apúlia e Fão,2577
Braga,Fafe,(Média do Concelho),own data,1326
Braga,Fafe,Aboim - Felgueiras - Gontim - Pedraído,Média do Concelho,1326
Braga,Fafe,Agrela e Serafão,Média do Concelho,1326
Braga,Fafe,Antime e Silvares (São Clemente),Média do Concelho,1326
Braga,Fafe,Ardegão – Arnozela – Seidões,Média do Concelho,1326
Braga,Fafe,Armil,Média do Concelho,1326
Braga,Fafe,Arões (Santa Cristina),Média do Concelho,1326
Braga,Fafe,Arões (São Romão),Média do Concelho,1326
Braga,Fafe,Cepães e Fareja,Média do Concelho,1326
Braga,Fafe,Estorãos,Média do Concelho,1326
Braga,Fafe,Fafe,Média do Concelho,1326
Braga,Fafe,Fornelos,Média do Concelho,1326
Braga,Fafe,Freitas e Vila Cova,Média do Concelho,1326
Braga,Fafe,Golães,Média do Concelho,1326
Braga,Fafe,Medelo,Média do Concelho,1326
Braga,Fafe,Monte e Queimadela,Média do Concelho,1326
Braga,Fafe,Moreira do Rei e Várzea Cova,Média do Concelho,1326
Braga,Fafe,Passos,Média do Concelho,1326
Braga,Fafe,Quinchães,Média do Concelho,1326
Braga,Fafe,Regadas,Média do Concelho,1326
Braga,Fafe,Revelhe,Média do Concelho,1326
Braga,Fafe,Ribeiros,Média do Concelho,1326
Braga,Fafe,São Gens,Média do Concelho,1326
Braga,Fafe,São Martinho (Silvares),Média do Concelho,1326
Braga,Fafe,Travassós,Média do Concelho,1326
Braga,Fafe,Vinhós,Média do Concelho,1326
Braga,Guimarães,(Média do Concelho),own data,1788
Braga,Guimarães,Abação e Gémeos,Média do Concelho,1788
Braga,Guimarães,Airão Santa Maria – Airão São João – Vermil,Média do Concelho,1788
Braga,Guimarães,Aldão,Média do Concelho,1788
Braga,Guimarães,Arosa e Castelões,Média do Concelho,1788
Braga,Guimarães,Atães e Rendufe,Média do Concelho,1788
Braga,Guimarães,Azurém,own data,2276
Braga,Guimarães,Barco,Média do Concelho,1788
Braga,Guimarães,Briteiros Santo Estêvão e Donim,Média do Concelho,1788
Braga,Guimarães,Briteiros São Salvador e Briteiros Santa Leocádia,Média do Concelho,1788
Braga,Guimarães,Brito,Creixomil,2080
Braga,Guimarães,Caldelas,Média do Concelho,1788
Braga,Guimarães,Candoso São Tiago e Mascotelos,own data,1693
Braga,Guimarães,Conde e Gandarela,Média do Concelho,1788
Braga,Guimarães,Costa,own data,2142
Braga,Guimarães,Creixomil,own data,2080
Braga,Guimarães,Fermentões,Azurém,2276
Braga,Guimarães,Gonça,Média do Concelho,1788
Braga,Guimarães,Gondar,Média do Concelho,1788
Braga,Guimarães,Guardizela,Urgezes,1875
Braga,Guimarães,Infantas,Média do Concelho,1788
Braga,Guimarães,Leitões – Oleiros – Figueiredo,Média do Concelho,1788
Braga,Guimarães,Longos,Média do Concelho,1788
Braga,Guimarães,Lordelo,Média do Concelho,1788
Braga,Guimarães,Mesão Frio,Costa,2142
Braga,Guimarães,Moreira de Cónegos,Média do Concelho,1788
Braga,Guimarães,Nespereira,Creixomil,2080
Braga,Guimarães,Oliveira – São Paio – São Sebastião,own data,2175
Braga,Guimarães,Penselo,Média do Concelho,1788
Braga,Guimarães,Pinheiro,Média do Concelho,1788
Braga,Guimarães,Polvoreira,Média do Concelho,1788
Braga,Guimarães,Ponte,Média do Concelho,1788
Braga,Guimarães,Prazins Santo Tirso e Corvite,Média do Concelho,1788
Braga,Guimarães,Ronfe,Azurém,2276
Braga,Guimarães,Sande São Lourenço e Balazar,Média do Concelho,1788
Braga,Guimarães,Sande Vila Nova e Sande São Clemente,Média do Concelho,1788
Braga,Guimarães,Santa Eufémia Prazins,Média do Concelho,1788
Braga,Guimarães,São Cristóvão (Selho),São Jorge (Selho),1599
Braga,Guimarães,São Jorge (Selho),own data,1599
Braga,Guimarães,São Martinho (Candoso),Candoso São Tiago,1693
Braga,Guimarães,São Martinho Sande,Média do Concelho,1788
Braga,Guimarães,São Torcato,Média do Concelho,1788
Braga,Guimarães,Selho São Lourenço e Gominhães,São Jorge (Selho),1599
Braga,Guimarães,Serzedelo,Média do Concelho,1788
Braga,Guimarães,Serzedo e Calvos,Média do Concelho,1788
Braga,Guimarães,Silvares,Média do Concelho,1788
Braga,Guimarães,Souto Santa Maria – Souto São Salvador – Gondomar,Média do Concelho,1788
Braga,Guimarães,Tabuadelo e São Faustino,Média do Concelho,1788
Braga,Guimarães,Urgezes,own data,1875
Braga,Póvoa de Lanhoso,(Média do Concelho),own data,1397
Braga,Póvoa de Lanhoso,Águas Santas e Moure,Média do Concelho,1397
Braga,Póvoa de Lanhoso,Calvos e Frades,Média do Concelho,1397
Braga,Póvoa de Lanhoso,Campos e Louredo,Média do Concelho,1397
Braga,Póvoa de Lanhoso,Covelas,Média do Concelho,1397
Braga,Póvoa de Lanhoso,Esperança e Brunhais,Média do Concelho,1397
Braga,Póvoa de Lanhoso,Ferreiros,Média do Concelho,1397
Braga,Póvoa de Lanhoso,Fonte Arcada e Oliveira,own data,1383
Braga,Póvoa de Lanhoso,Galegos,Média do Concelho,1397
Braga,Póvoa de Lanhoso,Garfe,Média do Concelho,1397
Braga,Póvoa de Lanhoso,Geraz do Minho,Média do Concelho,1397
Braga,Póvoa de Lanhoso,Lanhoso,Média do Concelho,1397
Braga,Póvoa de Lanhoso,Monsul,Média do Concelho,1397
Braga,Póvoa de Lanhoso,Nossa Senhora do Amparo,Média do Concelho,1397
Braga,Póvoa de Lanhoso,Rendufinho,Média do Concelho,1397
Braga,Póvoa de Lanhoso,Santo Emilião,Média do Concelho,1397
Braga,Póvoa de Lanhoso,São João de Rei,Média do Concelho,1397
Braga,Póvoa de Lanhoso,Serzedelo,Média do Concelho,1397
Braga,Póvoa de Lanhoso,Sobradelo da Goma,Média do Concelho,1397
Braga,Póvoa de Lanhoso,Taíde,own data,1347
Braga,Póvoa de Lanhoso,Travassós,Média do Concelho,1397
Braga,Póvoa de Lanhoso,Verim - Friande - Ajude,Média do Concelho,1397
Braga,Póvoa de Lanhoso,Vilela,Média do Concelho,1397
Braga,Terras de Bouro,(Média do Concelho),own data,1684
Braga,Terras de Bouro,Balança,Média do Concelho,1684
Braga,Terras de Bouro,Campo do Gerês,Vilar da Veiga,2366
Braga,Terras de Bouro,Carvalheira,Média do Concelho,1684
Braga,Terras de Bouro,Chamoim e Vilar,Média do Concelho,1684
Braga,Terras de Bouro,Chorense e Monte,Média do Concelho,1684
Braga,Terras de Bouro,Cibões e Brufe,Média do Concelho,1684
Braga,Terras de Bouro,Covide (São Mamede),Vilar da Veiga,2366
Braga,Terras de Bouro,Gondoriz,Média do Concelho,1684
Braga,Terras de Bouro,Moimenta (Santo André),Média do Concelho,1684
Braga,Terras de Bouro,Ribeira,Média do Concelho,1684
Braga,Terras de Bouro,Rio Caldo,Vilar da Veiga,2366
Braga,Terras de Bouro,Souto,Média do Concelho,1684
Braga,Terras de Bouro,Valdosende,Média do Concelho,1684
Braga,Terras de Bouro,Vilar da Veiga,own data,2366
Braga,Vieira do Minho,(Média do Concelho),own data,1357
Braga,Vieira do Minho,Anissó e Soutelo,Média do Concelho,1357
Braga,Vieira do Minho,Anjos e Vilar do Chão,Média do Concelho,1357
Braga,Vieira do Minho,Caniçada e Soengas,Média do Concelho,1357
Braga,Vieira do Minho,Cantelães,Média do Concelho,1357
Braga,Vieira do Minho,Eira Vedra,Média do Concelho,1357
Braga,Vieira do Minho,Guilhofrei,Média do Concelho,1357
Braga,Vieira do Minho,Louredo,Média do Concelho,1357
Braga,Vieira do Minho,Mosteiro,Média do Concelho,1357
Braga,Vieira do Minho,Parada do Bouro,Média do Concelho,1357
Braga,Vieira do Minho,Pinheiro,Média do Concelho,1357
Braga,Vieira do Minho,Rossas,Média do Concelho,1357
Braga,Vieira do Minho,Ruivães e Campos,Média do Concelho,1357
Braga,Vieira do Minho,Salamonde,Média do Concelho,1357
Braga,Vieira do Minho,Tabuaças,Média do Concelho,1357
Braga,Vieira do Minho,Ventosa e Cova,Média do Concelho,1357
Braga,Vieira do Minho,Vieira do Minho,own data,1284
Braga,Vila Nova de Famalicão,(Média do Concelho),own data,1837
Braga,V. N. Famalicão,Antas e Abade de Vermoim,own data,2051
Braga,V. N. Famalicão,Arnoso e Sezures,Média do Concelho,1837
Braga,V. N. Famalicão,Avidos e Lagoa,Média do Concelho,1837
Braga,V. N. Famalicão,Bairro,Média do Concelho,1837
Braga,V. N. Famalicão,Brufe,Média do Concelho,1837
Braga,V. N. Famalicão,Carreira e Bente,Média do Concelho,1837
Braga,V. N. Famalicão,Castelões,Média do Concelho,1837
Braga,V. N. Famalicão,Cruz,Vila Nova de Famalicão e Calendário,2134
Braga,V. N. Famalicão,Delães,Média do Concelho,1837
Braga,V. N. Famalicão,Esmeriz e Cabeçudos,Média do Concelho,1837
Braga,V. N. Famalicão,Fradelos,Média do Concelho,1837
Braga,V. N. Famalicão,Gavião,Média do Concelho,1837
Braga,V. N. Famalicão,Gondifelos - Cavalões - Outiz,Média do Concelho,1837
Braga,V. N. Famalicão,Joane,Média do Concelho,1837
Braga,V. N. Famalicão,Landim,Média do Concelho,1837
Braga,V. N. Famalicão,Lemenhe - Mouquim - Jesufrei,Média do Concelho,1837
Braga,V. N. Famalicão,Louro,Média do Concelho,1837
Braga,V. N. Famalicão,Lousado,Média do Concelho,1837
Braga,V. N. Famalicão,Mogege,Média do Concelho,1837
Braga,V. N. Famalicão,Nine,Média do Concelho,1837
Braga,V. N. Famalicão,Pedome,Média do Concelho,1837
Braga,V. N. Famalicão,Pousada de Saramagos,Média do Concelho,1837
Braga,V. N. Famalicão,Requião,Média do Concelho,1837
Braga,V. N. Famalicão,Riba de Ave,Média do Concelho,1837
Braga,V. N. Famalicão,Ribeirão,Média do Concelho,1837
Braga,V. N. Famalicão,Ruivães e Novais,Média do Concelho,1837
Braga,V. N. Famalicão,Santa Maria Oliveira,Média do Concelho,1837
Braga,V. N. Famalicão,São Martinho Vale,Média do Concelho,1837
Braga,V. N. Famalicão,São Mateus Oliveira,Média do Concelho,1837
Braga,V. N. Famalicão,Seide,Média do Concelho,1837
Braga,V. N. Famalicão,Vale (São Cosme) - Telhado - Portela,own data,1334
Braga,V. N. Famalicão,Vermoim,Antas e Abade de Vermoim,2051
Braga,V. N. Famalicão,Vila Nova de Famalicão e Calendário,own data,2134
Braga,V. N. Famalicão,Vilarinho das Cambas,Média do Concelho,1837
Braga,Vila Verde,(Média do Concelho),own data,1430
Braga,Vila Verde,Aboim da Nóbrega e Gondomar,Média do Concelho,1430
Braga,Vila Verde,Atiães,Média do Concelho,1430
Braga,Vila Verde,Cabanelas,Média do Concelho,1430
Braga,Vila Verde,Carreiras,Média do Concelho,1430
Braga,Vila Verde,Cervães,Média do Concelho,1430
Braga,Vila Verde,Coucieiro,Média do Concelho,1430
Braga,Vila Verde,Dossãos,Média do Concelho,1430
Braga,Vila Verde,Escariz,Média do Concelho,1430
Braga,Vila Verde,Esqueiros – Nevogilde – Travassós,Média do Concelho,1430
Braga,Vila Verde,Freiriz,Média do Concelho,1430
Braga,Vila Verde,Geme,Média do Concelho,1430
Braga,Vila Verde,Lage,Média do Concelho,1430
Braga,Vila Verde,Lanhas,Média do Concelho,1430
Braga,Vila Verde,Loureira,Média do Concelho,1430
Braga,Vila Verde,Marrancos e Arcozelo,Média do Concelho,1430
Braga,Vila Verde,Moure,Média do Concelho,1430
Braga,Vila Verde,Oleiros,Média do Concelho,1430
Braga,Vila Verde,Oriz,Média do Concelho,1430
Braga,Vila Verde,Parada de Gatim,Média do Concelho,1430
Braga,Vila Verde,Pico,Média do Concelho,1430
Braga,Vila Verde,Pico de Regalados – Gondiães – Mós,Média do Concelho,1430
Braga,Vila Verde,Ponte,Média do Concelho,1430
Braga,Vila Verde,Prado (São Miguel),Média do Concelho,1430
Braga,Vila Verde,Ribeira do Neiva,Média do Concelho,1430
Braga,Vila Verde,Sabariz,Média do Concelho,1430
Braga,Vila Verde,Sande – Vilarinho – Barros – Gomide,Média do Concelho,1430
Braga,Vila Verde,Soutelo,Média do Concelho,1430
Braga,Vila Verde,Turiz,Média do Concelho,1430
Braga,Vila Verde,Vade,Média do Concelho,1430
Braga,Vila Verde,Valbom e Passô,Média do Concelho,1430
Braga,Vila Verde,Valdreu,Média do Concelho,1430
Braga,Vila Verde,Vila de Prado,Média do Concelho,1430
Braga,Vila Verde,Vila Verde e Barbudo,Média do Concelho,1430
Braga,Vizela,(Média do Concelho),Guimarães média,1788
Porto,(Média do Distrito),,own data,2971
Porto,Felgueiras,(Média do Concelho),own data,1486
Porto,Felgueiras,Aião,Média do Concelho,1486
Porto,Felgueiras,Airães,Média do Concelho,1486
Porto,Felgueiras,Friande,Média do Concelho,1486
Porto,Felgueiras,Idães,Média do Concelho,1486
Porto,Felgueiras,Jugueiros,Média do Concelho,1486
Porto,Felgueiras,Macieira da Lixa e Caramos,Média do Concelho,1486
Porto,Felgueiras,Margaride (Santa Eulália) - Várzea - Lagares - Varziela - Moure,Média do Concelho,1486
Porto,Felgueiras,Pedreira - Rande - Sernande,Média do Concelho,1486
Porto,Felgueiras,Penacova,Média do Concelho,1486
Porto,Felgueiras,Pinheiro,Média do Concelho,1486
Porto,Felgueiras,Pombeiro de Ribavizela,Média do Concelho,1486
Porto,Felgueiras,Refontoura,Média do Concelho,1486
Porto,Felgueiras,Regilde,Média do Concelho,1486
Porto,Felgueiras,Revinhade,Média do Concelho,1486
Porto,Felgueiras,Sendim,Média do Concelho,1486
Porto,Felgueiras,Torrados e Sousa,Média do Concelho,1486
Porto,Felgueiras,Unhão e Lordelo,Média do Concelho,1486
Porto,Felgueiras,Vila Cova da Lixa e Borba de Godim,Média do Concelho,1486
Porto,Felgueiras,Vila Fria e Vizela (São Jorge),Média do Concelho,1486
Porto,Felgueiras,Vila Verde e Santão,Média do Concelho,1486
Porto,Gondomar,(Média do Concelho),own data,2160
Porto,Gondomar,Baguim do Monte,Rio Tinto,2324
Porto,Gondomar,Fânzeres e São Pedro da Cova,own data,1992
Porto,Gondomar,Foz do Sousa e Covelo,Média do Concelho,2160
Porto,Gondomar,Lomba,Média do Concelho,2160
Porto,Gondomar,Melres e Medas,Média do Concelho,2160
Porto,Gondomar,Rio Tinto,own data,2324
Porto,Gondomar,São Cosme - Valbom - Jovim,own data,2147
Porto,Lousada,(Média do Concelho),own data,1601
Porto,Lousada,Aveleda,Média do Concelho,1601
Porto,Lousada,Caíde de Rei,Média do Concelho,1601
Porto,Lousada,Cernadelo e Lousada,Média do Concelho,1601
Porto,Lousada,Cristelos - Boim - Ordem,Média do Concelho,1601
Porto,Lousada,Figueiras e Covas,Média do Concelho,1601
Porto,Lousada,Lodares,Média do Concelho,1601
Porto,Lousada,Lustosa e Barrosas (Santo Estêvão),Média do Concelho,1601
Porto,Lousada,Macieira,Média do Concelho,1601
Porto,Lousada,Meinedo,Média do Concelho,1601
Porto,Lousada,Nespereira e Casais,Média do Concelho,1601
Porto,Lousada,Nevogilde,Média do Concelho,1601
Porto,Lousada,Silvares - Pias - Nogueira - Alvarenga,Média do Concelho,1601
Porto,Lousada,Sousela,Média do Concelho,1601
Porto,Lousada,Torno,Média do Concelho,1601
Porto,Lousada,Vilar do Torno e Alentém,Média do Concelho,1601
Porto,Maia,(Média do Concelho),own data,2256
Porto,Maia,Águas Santas,own data,2253
Porto,Maia,Castêlo da Maia,own data,2164
Porto,Maia,Cidade da Maia,own data,2395
Porto,Maia,Folgosa,Nogueira e Silva Escura,1835
Porto,Maia,Milheirós,Cidade da Maia,2395
Porto,Maia,Moreira,own data,2283
Porto,Maia,Nogueira e Silva Escura,own data,1835
Porto,Maia,Pedrouços,Águas Santas,2253
Porto,Maia,São Pedro Fins,Nogueira e Silva Escura,1835
Porto,Maia,Vila Nova da Telha,own data,2082
Porto,Marco de Canaveses,(Média do Concelho),own data,1313
Porto,Marco de Canaveses,Alpendorada - Várzea - Torrão,Média do Concelho,1313
Porto,Marco de Canaveses,Avessadas e Rosém,Média do Concelho,1313
Porto,Marco de Canaveses,Banho e Carvalhosa,Média do Concelho,1313
Porto,Marco de Canaveses,Bem Viver,Média do Concelho,1313
Porto,Marco de Canaveses,Constance,Média do Concelho,1313
Porto,Marco de Canaveses,Marco,Média do Concelho,1313
Porto,Marco de Canaveses,Paredes de Viadores e Manhuncelos,Média do Concelho,1313
Porto,Marco de Canaveses,Penhalonga e Paços de Gaiolo,Média do Concelho,1313
Porto,Marco de Canaveses,Sande e São Lourenço,Média do Concelho,1313
Porto,Marco de Canaveses,Santo Isidoro e Livração,Média do Concelho,1313
Porto,Marco de Canaveses,Soalhães,Média do Concelho,1313
Porto,Marco de Canaveses,Sobretâmega,Média do Concelho,1313
Porto,Marco de Canaveses,Tabuado,Média do Concelho,1313
Porto,Marco de Canaveses,Várzea - Aliviada - Folhada,Média do Concelho,1313
Porto,Marco de Canaveses,Vila Boa de Quires e Maureles,Média do Concelho,1313
Porto,Marco de Canaveses,Vila Boa do Bispo,Média do Concelho,1313
Porto,Matosinhos,(Média do Concelho),own data,3510
Porto,Matosinhos,Custóias - Leça do Balio - Guifões,own data,2570
Porto,Matosinhos,Matosinhos e Leça da Palmeira,own data,4185
Porto,Matosinhos,Perafita - Lavra - Santa Cruz do Bispo,own data,2665
Porto,Matosinhos,São Mamede de Infesta e Senhora da Hora,own data,2959
Porto,Paços de Ferreira,(Média do Concelho),own data,1812
Porto,Paços de Ferreira,Carvalhosa,Média do Concelho,1812
Porto,Paços de Ferreira,Eiriz,Média do Concelho,1812
Porto,Paços de Ferreira,Ferreira,Média do Concelho,1812
Porto,Paços de Ferreira,Figueiró,Média do Concelho,1812
Porto,Paços de Ferreira,Frazão e Arreigada,Média do Concelho,1812
Porto,Paços de Ferreira,Freamunde,Média do Concelho,1812
Porto,Paços de Ferreira,Meixomil,Média do Concelho,1812
Porto,Paços de Ferreira,Paços de Ferreira,Média do Concelho,1812
Porto,Paços de Ferreira,Penamaior,Média do Concelho,1812
Porto,Paços de Ferreira,Raimonda,Média do Concelho,1812
Porto,Paços de Ferreira,Sanfins - Lamoso - Codessos,Média do Concelho,1812
Porto,Paços de Ferreira,Seroa,Média do Concelho,1812
Porto,Paredes,(Média do Concelho),own data,1709
Porto,Paredes,Aguiar de Sousa,Média do Concelho,1709
Porto,Paredes,Astromil,Média do Concelho,1709
Porto,Paredes,Baltar,Média do Concelho,1709
Porto,Paredes,Beire,Média do Concelho,1709
Porto,Paredes,Cete,Média do Concelho,1709
Porto,Paredes,Cristelo,Média do Concelho,1709
Porto,Paredes,Duas Igrejas,Média do Concelho,1709
Porto,Paredes,Gandra,Média do Concelho,1709
Porto,Paredes,Lordelo,Média do Concelho,1709
Porto,Paredes,Louredo,Média do Concelho,1709
Porto,Paredes,Parada de Todeia,Média do Concelho,1709
Porto,Paredes,Paredes,Média do Concelho,1709
Porto,Paredes,Rebordosa,Média do Concelho,1709
Porto,Paredes,Recarei,Média do Concelho,1709
Porto,Paredes,Sobreira,Média do Concelho,1709
Porto,Paredes,Sobrosa,Média do Concelho,1709
Porto,Paredes,Vandoma,Média do Concelho,1709
Porto,Paredes,Vilela,Média do Concelho,1709
Porto,Penafiel,(Média do Concelho),own data,1625
Porto,Penafiel,Abragão,Média do Concelho,1625
Porto,Penafiel,Boelhe,Média do Concelho,1625
Porto,Penafiel,Bustelo,Média do Concelho,1625
Porto,Penafiel,Cabeça Santa,Média do Concelho,1625
Porto,Penafiel,Canelas,Média do Concelho,1625
Porto,Penafiel,Capela,Média do Concelho,1625
Porto,Penafiel,Castelões,Média do Concelho,1625
Porto,Penafiel,Croca,Média do Concelho,1625
Porto,Penafiel,Duas Igrejas,Média do Concelho,1625
Porto,Penafiel,Eja,Média do Concelho,1625
Porto,Penafiel,Fonte Arcada,Média do Concelho,1625
Porto,Penafiel,Galegos,Média do Concelho,1625
Porto,Penafiel,Guilhufe e Urrô,Média do Concelho,1625
Porto,Penafiel,Irivo,Média do Concelho,1625
Porto,Penafiel,Lagares e Figueira,Média do Concelho,1625
Porto,Penafiel,Luzim e Vila Cova,Média do Concelho,1625
Porto,Penafiel,Oldrões,Média do Concelho,1625
Porto,Penafiel,Paço de Sousa,Média do Concelho,1625
Porto,Penafiel,Penafiel,Média do Concelho,1625
Porto,Penafiel,Perozelo,Média do Concelho,1625
Porto,Penafiel,Rans,Média do Concelho,1625
Porto,Penafiel,Rio de Moinhos,Média do Concelho,1625
Porto,Penafiel,Rio Mau,Média do Concelho,1625
Porto,Penafiel,São Mamede Recezinhos,Média do Concelho,1625
Porto,Penafiel,São Martinho Recezinhos,Média do Concelho,1625
Porto,Penafiel,Sebolido,Média do Concelho,1625
Porto,Penafiel,Termas de São Vicente,Média do Concelho,1625
Porto,Penafiel,Valpedre,Média do Concelho,1625
Porto,Porto,(Média do Concelho),own data,3885
Porto,Porto,Aldoar - Foz do Douro - Nevogilde,own data,4842
Porto,Porto,Bonfim,own data,3638
Porto,Porto,Campanhã,own data,3068
Porto,Porto,Cedofeita - Santo Ildefonso - Sé - Miragaia - São Nicolau - Vitória,own data,4486
Porto,Porto,Lordelo do Ouro e Massarelos,own data,4252
Porto,Porto,Paranhos,own data,3518
Porto,Porto,Ramalde,own data,3291
Porto,Póvoa de Varzim,(Média do Concelho),own data,2453
Porto,Póvoa de Varzim,Aguçadoura e Navais,Aver-o-Mar - Amorim - Terroso,2444
Porto,Póvoa de Varzim,Aver-o-Mar - Amorim - Terroso,own data,2444
Porto,Póvoa de Varzim,Balazar,Média do Concelho,2453
Porto,Póvoa de Varzim,Estela,Aver-o-Mar - Amorim - Terroso,2444
Porto,Póvoa de Varzim,Laúndos,Média do Concelho,2453
Porto,Póvoa de Varzim,Póvoa de Varzim - Beiriz - Argivai,own data,2568
Porto,Póvoa de Varzim,Rates,Média do Concelho,2453
Porto,Trofa,(Média do Concelho),own data,1805
Porto,Trofa,Alvarelhos e Guidões,Coronado,1812
Porto,Trofa,Bougado,Média do Concelho,1805
Porto,Trofa,Coronado,own data,1812
Porto,Trofa,Covelas,Média do Concelho,1805
Porto,Trofa,Muro,Coronado,1812
Porto,Valongo,(Média do Concelho),own data,2100
Porto,Valongo,Alfena,Ermesinde,2259
Porto,Valongo,Campo e Sobrado,Valongo,2008
Porto,Valongo,Ermesinde,own data,2259
Porto,Valongo,Valongo,own data,2008
Porto,Vila do Conde,(Média do Concelho),own data,2494
Porto,Vila do Conde,Árvore,own data,2140
Porto,Vila do Conde,Aveleda,Média do Concelho,2494
Porto,Vila do Conde,Azurara,Vila do Conde,3023
Porto,Vila do Conde,Bagunte – Ferreiró – Outeiro Maior,Média do Concelho,2494
Porto,Vila do Conde,Fajozes,Média do Concelho,2494
Porto,Vila do Conde,Fornelo e Vairão,Média do Concelho,2494
Porto,Vila do Conde,Gião,Média do Concelho,2494
Porto,Vila do Conde,Guilhabreu,Média do Concelho,2494
Porto,Vila do Conde,Junqueira,Média do Concelho,2494
Porto,Vila do Conde,Labruge,Mindelo,2216
Porto,Vila do Conde,Macieira da Maia,Média do Concelho,2494
Porto,Vila do Conde,Malta e Canidelo,Vila Chã,2532
Porto,Vila do Conde,Mindelo,own data,2216
Porto,Vila do Conde,Modivas,Árvore,2140
Porto,Vila do Conde,Retorta e Tougues,Média do Concelho,2494
Porto,Vila do Conde,Rio Mau e Arcos,Média do Concelho,2494
Porto,Vila do Conde,Touguinha e Touguinhó,Média do Concelho,2494
Porto,Vila do Conde,Vila Chã,own data,2532
Porto,Vila do Conde,Vila do Conde,own data,3023
Porto,Vila do Conde,Vilar de Pinheiro,Média do Concelho,2494
Porto,Vila do Conde,Vilar e Mosteiró,Média do Concelho,2494
Porto,Vila Nova de Gaia,(Média do Concelho),own data,2820
Porto,Vila Nova de Gaia,Arcozelo,São Felix da Marinha,2383
Porto,Vila Nova de Gaia,Avintes,own data,2238
Porto,Vila Nova de Gaia,Canelas,own data,2115
Porto,Vila Nova de Gaia,Canidelo,own data,3517
Porto,Vila Nova de Gaia,Grijó e Sermonde,Serzedo e Perosinho,1779
Porto,Vila Nova de Gaia,Gulpilhares e Valadares,own data,2366
Porto,Vila Nova de Gaia,Madalena,own data,2713
Porto,Vila Nova de Gaia,Mafamude e Vilar do Paraíso,own data,2835
Porto,Vila Nova de Gaia,Oliveira do Douro,own data,2459
Porto,Vila Nova de Gaia,Pedroso e Seixezelo,Sandim – Olival – Lever – Crestuma,1856
Porto,Vila Nova de Gaia,Sandim – Olival – Lever – Crestuma,own data,1856
Porto,Vila Nova de Gaia,Santa Marinha e São Pedro da Afurada,own data,3242
Porto,Vila Nova de Gaia,São Felix da Marinha,own data,2383
Porto,Vila Nova de Gaia,Serzedo e Perosinho,own data,1779
Porto,Vila Nova de Gaia,Vilar de Andorinho,own data,2209
